model,TP,FN,TN,FP,ACCURACY,MCC,F1,Cohen_kappa,SPECIFICITY,PRECISION,RECALL
logisticRegression,0.000638060296698038,0.002392726112617642,0.8387302600095708,0.15823895358111342,0.839368320306269,0.007790062871621982,0.007881773399014778,0.0024044319402518988,0.84128,0.004016064257028112,0.21052631578947367
svm_linear,0.0004409171075837742,0.0029394473838918285,0.8459729570840682,0.1506466784244562,0.8464138741916519,-0.003358539127753619,0.00570884871550904,-0.0010801232917960425,0.848842353635157,0.0029182879377431907,0.13043478260869565
svm_2,0.00013693002875530603,0.0027386005751061206,0.8815555251266602,0.1155689442694783,0.8816924551554156,-0.011430660588264249,0.0023094688221709007,-0.003832334450271772,0.8840977753364461,0.001183431952662722,0.047619047619047616
svm_3,0.00012683916793505834,0.002917300862506342,0.9841451040081177,0.012810755961440892,0.9842719431760527,0.014048076225503674,0.015873015873015872,0.017566423442579512,0.9871501272264631,0.00980392156862745,0.041666666666666664
svm_rbf,0.00027056277056277056,0.0025703463203463205,0.8758116883116883,0.12134740259740259,0.8760822510822511,-0.004308027885898131,0.004347826086956522,-0.0014029089376776118,0.8783068783068783,0.002224694104560623,0.09523809523809523
naiveBayes,0.0012492192379762648,0.0018738288569643974,0.5621486570893192,0.43472829481574016,0.5633978763272954,-0.004060873449444356,0.005689900426742531,-0.0009190516535749673,0.5639097744360902,0.0028653295128939827,0.4
random_forest,0.00017247326664367022,0.0034494653328734047,0.9203173508106244,0.07606071058985857,0.920489824077268,-0.006501085778241016,0.0043196544276457895,-0.0030926663684072236,0.923662800761641,0.0022624434389140274,0.047619047619047616
ridgeClassifierCV,0.0003459010722933241,0.002767208578346593,0.8690764441369768,0.12781044621238327,0.8694223452092702,-0.0028496263905563365,0.005270092226613966,-0.0009373759918669158,0.8717904233171409,0.002699055330634278,0.1111111111111111
